game_date,team,opponent,record,1st_inning,2nd_inning,3rd_inning,4th_inning,5th_inning,6th_inning,7th_inning,8th_inning,9th_inning,runs,hits,errors,result
2023-02-24,Rangers,Royals,0 - 1 ,0,3,0,0,0,0,1,1,0,5,9,2,L
2023-02-24,Royals,Rangers,1 - 0 ,2,0,0,2,1,0,0,0,1,6,8,1,W
2023-02-24,Mariners,Padres,1 - 0 ,0,0,0,3,0,0,0,0,0,3,8,0,W
2023-02-24,Padres,Mariners,0 - 1 ,0,0,0,0,0,0,0,2,0,2,8,1,L
2023-02-24,Huskies,Red Sox,0 - 1 ,0,0,0,2,1,0,0,X,X,3,6,0,L
2023-02-24,Red Sox,Huskies,1 - 0 ,5,0,0,0,0,0,X,X,X,5,6,2,W
2023-02-25,Mets,Astros,1 - 1 ,2,0,0,0,0,0,0,0,0,2,4,4,L
2023-02-25,Astros,Mets,1 - 0 ,0,0,0,0,0,1,3,0,X,4,8,0,W
2023-02-25,Nationals,Cardinals,1 - 0 ,1,0,0,0,0,0,0,1,1,3,9,1,W
2023-02-25,Cardinals,Nationals,0 - 1 ,0,0,2,0,0,0,0,0,0,2,5,0,L
2023-02-25,Blue Jays,Pirates,1 - 0 ,0,0,1,3,2,0,3,0,0,9,13,1,W
2023-02-25,Pirates,Blue Jays,0 - 1 ,0,0,4,0,0,1,0,2,0,7,7,2,L
2023-02-25,Twins,Orioles,1 - 1 ,1,0,0,2,0,1,1,0,0,5,4,0,L
2023-02-25,Orioles,Twins,1 - 0 ,0,0,0,1,4,2,3,0,X,10,13,0,W
2023-02-25,Rays,Twins,0 - 1 ,0,0,0,2,2,0,0,0,0,4,8,0,L
2023-02-25,Twins,Rays,1 - 1 ,0,6,0,0,0,0,2,0,X,8,12,1,W
2023-02-25,Phillies,Tigers,1 - 1 ,0,0,0,0,0,0,2,0,0,2,6,2,L
2023-02-25,Tigers,Phillies,1 - 0 ,0,0,1,0,0,1,2,0,X,4,6,0,W
2023-02-25,Red Sox,Braves,0 - 0 ,0,1,2,0,0,0,0,3,0,6,10,2,L
2023-02-25,Braves,Red Sox,0 - 0 ,0,0,2,0,1,0,0,0,3,6,9,1,W
2023-02-25,Yankees,Phillies,0 - 1 ,0,0,1,0,3,0,0,0,0,4,6,1,L
2023-02-25,Phillies,Yankees,1 - 1 ,0,2,0,0,2,0,2,1,X,7,11,0,W
2023-02-25,Guardians,Reds,0 - 1 ,1,1,0,0,1,0,0,0,0,3,8,0,L
2023-02-25,Reds,Guardians,1 - 0 ,1,1,0,0,0,0,0,1,1,4,7,0,W
2023-02-25,D-backs,Athletics,0 - 2 ,1,1,0,0,2,0,3,0,0,7,12,3,L
2023-02-25,Athletics,D-backs,1 - 0 ,0,0,2,1,6,2,0,1,X,12,11,1,W
2023-02-25,Giants,Cubs,0 - 1 ,1,0,1,3,0,2,0,0,1,8,13,6,L
2023-02-25,Cubs,Giants,1 - 0 ,0,1,1,0,7,0,0,1,X,10,12,0,W
2023-02-25,Royals,Rangers,2 - 0 ,0,0,0,7,1,0,1,0,1,10,10,0,W
2023-02-25,Rangers,Royals,0 - 2 ,0,3,0,0,0,0,0,0,2,5,9,0,L
2023-02-25,Padres,White Sox,1 - 1 ,1,0,0,1,0,0,0,1,3,6,9,0,W
2023-02-25,White Sox,Padres,0 - 1 ,0,1,0,0,0,0,0,0,1,2,4,1,L
2023-02-25,Rockies,D-backs,1 - 0 ,2,2,0,0,0,3,2,2,1,12,15,1,W
2023-02-25,D-backs,Rockies,0 - 2 ,1,0,0,1,1,0,1,1,0,5,12,2,L
2023-02-25,Angels,Mariners,1 - 0 ,0,4,0,1,0,0,0,0,0,5,10,0,W
2023-02-25,Mariners,Angels,1 - 1 ,0,0,0,0,1,0,0,0,0,1,5,0,L
2023-02-25,Dodgers,Brewers,0 - 1 ,0,0,2,0,0,0,2,0,0,4,6,0,L
2023-02-25,Brewers,Dodgers,1 - 0 ,1,0,2,0,2,2,0,0,X,7,9,0,W
2023-02-25,Marlins,Mets,0 - 1 ,0,1,1,0,0,0,0,0,0,2,3,1,L
2023-02-25,Mets,Marlins,1 - 1 ,0,2,1,0,2,0,0,0,X,5,10,1,W
2023-02-26,Orioles,Tigers,2 - 0 ,0,0,0,0,9,0,0,1,0,10,14,1,W
2023-02-26,Tigers,Orioles,1 - 1 ,1,0,0,0,3,1,0,0,1,6,5,0,L
2023-02-26,Astros,Nationals,1 - 1 ,0,0,0,2,0,0,0,0,0,2,6,0,L
2023-02-26,Nationals,Astros,2 - 1 ,0,1,1,0,0,0,0,0,1,3,8,0,W
2023-02-26,Rays,Red Sox,0 - 2 ,0,0,0,0,0,1,1,4,0,6,4,1,L
2023-02-26,Red Sox,Rays,1 - 0 ,0,1,0,0,0,3,0,2,1,7,8,0,W
2023-02-26,Twins,Phillies,1 - 2 ,0,0,0,0,6,0,0,1,1,8,7,1,L
2023-02-26,Phillies,Twins,2 - 1 ,1,1,0,0,2,6,0,0,X,10,9,1,W
2023-02-26,Braves,Yankees,0 - 1 ,0,0,0,0,0,0,0,0,0,0,1,0,L
2023-02-26,Yankees,Braves,2 - 1 ,4,0,0,0,0,3,0,0,X,7,10,1,W
2023-02-26,Yankees,Blue Jays,2 - 1 ,1,0,1,3,1,1,0,2,0,9,16,0,W
2023-02-26,Blue Jays,Yankees,1 - 1 ,0,0,0,0,5,0,0,0,0,5,8,0,L
2023-02-26,Nationals,Mets,2 - 1 ,0,1,0,0,1,0,0,0,1,3,7,1,L
2023-02-26,Mets,Nationals,2 - 1 ,0,0,0,2,0,0,1,3,X,6,8,1,W
2023-02-26,Cardinals,Marlins,1 - 1 ,5,0,0,1,0,0,0,2,0,8,16,0,W
2023-02-26,Marlins,Cardinals,0 - 2 ,0,0,0,0,0,2,0,0,0,2,6,2,L
2023-02-26,Cubs,Dodgers,1 - 1 ,0,3,0,0,0,1,0,0,0,4,7,1,L
2023-02-26,Dodgers,Cubs,1 - 1 ,0,0,0,0,0,2,3,4,X,9,10,0,W
2023-02-26,Mariners,Royals,1 - 2 ,0,2,2,2,0,0,1,0,0,7,14,0,L
2023-02-26,Royals,Mariners,3 - 0 ,5,0,0,0,0,3,0,0,X,8,11,0,W
2023-02-26,Reds,Giants,1 - 1 ,1,0,0,0,0,3,1,1,0,6,11,1,L
2023-02-26,Giants,Reds,1 - 1 ,0,0,1,0,0,1,0,3,2,7,14,0,W
2023-02-26,Rangers,Guardians,1 - 2 ,2,3,2,1,0,0,0,5,0,13,15,0,W
2023-02-26,Guardians,Rangers,0 - 2 ,0,0,0,0,0,0,3,1,0,4,9,1,L
2023-02-26,D-backs,Padres,0 - 3 ,0,0,0,2,0,4,0,0,0,6,5,2,L
2023-02-26,Padres,D-backs,2 - 1 ,0,9,0,5,0,3,0,1,X,18,20,0,W
2023-02-26,White Sox,Angels,0 - 2 ,0,0,0,0,0,0,0,0,0,0,5,2,L
2023-02-26,Angels,White Sox,2 - 0 ,1,3,3,0,0,0,0,0,X,7,13,0,W
2023-02-26,Brewers,Rockies,1 - 2 ,1,2,0,0,0,1,0,2,0,6,10,2,L
2023-02-26,Rockies,Brewers,2 - 0 ,0,2,1,0,0,0,5,4,X,12,12,0,W
2023-02-26,Athletics,Brewers,2 - 0 ,4,0,1,0,0,1,5,0,0,11,13,0,W
2023-02-26,Brewers,Athletics,1 - 2 ,0,0,1,0,0,0,0,0,3,4,10,2,L
2023-02-27,Mets,Cardinals,2 - 2 ,1,1,0,2,0,0,0,0,3,7,13,1,L
2023-02-27,Cardinals,Mets,2 - 1 ,0,0,2,0,5,0,2,3,X,12,12,1,W
2023-02-27,Rays,Orioles,1 - 2 ,2,0,3,4,0,0,0,5,0,14,15,2,W
2023-02-27,Orioles,Rays,2 - 1 ,1,0,0,0,0,1,0,0,0,2,8,0,L
2023-02-27,Twins,Red Sox,1 - 3 ,0,0,0,0,0,1,0,0,0,1,9,1,L
2023-02-27,Red Sox,Twins,2 - 0 ,0,0,0,0,1,2,0,1,X,4,8,1,W
2023-02-27,Phillies,Pirates,3 - 1 ,2,0,3,0,3,1,0,0,0,9,11,0,W
2023-02-27,Pirates,Phillies,0 - 2 ,0,0,0,0,2,0,0,2,3,7,9,1,L
2023-02-27,Blue Jays,Braves,1 - 2 ,0,0,0,0,0,0,0,0,0,0,6,2,L
2023-02-27,Braves,Blue Jays,1 - 1 ,2,0,3,0,0,2,0,0,X,7,13,0,W
2023-02-27,Marlins,Astros,1 - 2 ,0,2,0,0,0,2,0,0,0,4,10,0,W
2023-02-27,Astros,Marlins,1 - 2 ,0,1,1,0,0,0,0,1,0,3,6,0,L
2023-02-27,Guardians,Cubs,1 - 2 ,0,2,0,0,6,2,2,0,0,12,9,2,W
2023-02-27,Cubs,Guardians,1 - 3 ,0,0,3,0,0,0,1,0,0,4,12,3,L
2023-02-27,Rockies,Athletics,3 - 0 ,2,1,1,0,2,0,0,1,0,7,11,1,W
2023-02-27,Athletics,Rockies,2 - 1 ,0,0,0,0,0,1,0,1,1,3,4,0,L
2023-02-27,Rangers,Reds,2 - 2 ,1,1,5,1,0,1,0,0,4,13,17,4,W
2023-02-27,Reds,Rangers,1 - 2 ,0,0,1,0,1,0,0,0,0,2,9,0,L
2023-02-27,Mariners,White Sox,1 - 3 ,0,1,0,0,0,0,0,0,0,1,4,1,L
2023-02-27,White Sox,Mariners,1 - 2 ,0,0,1,2,0,2,1,4,X,10,15,0,W
2023-02-27,Brewers,Royals,2 - 2 ,0,0,0,0,1,3,0,3,3,10,12,0,W
2023-02-27,Royals,Brewers,3 - 1 ,0,0,3,1,0,0,0,0,0,4,11,1,L
2023-02-27,Cubs,D-backs,1 - 3 ,0,0,0,0,0,0,0,0,0,0,2,0,L
2023-02-27,D-backs,Cubs,1 - 3 ,0,0,0,0,0,0,0,0,3,3,7,0,W
2023-02-27,Dodgers,Padres,2 - 1 ,0,0,1,1,0,1,0,0,4,7,9,2,W
2023-02-27,Padres,Dodgers,2 - 2 ,0,1,0,0,0,0,2,1,2,6,10,1,L
2023-02-27,Giants,Angels,2 - 1 ,0,0,0,4,3,0,0,1,0,8,10,0,W
2023-02-27,Angels,Giants,2 - 1 ,0,2,0,0,2,1,0,1,0,6,9,0,L
2023-02-27,Tigers,Yankees,1 - 2 ,3,0,2,0,0,0,0,0,0,5,10,2,L
2023-02-27,Yankees,Tigers,3 - 1 ,2,0,0,0,0,0,4,2,X,8,7,2,W
2023-02-27,Mountaineers,D-backs,0 - 1 ,0,0,0,0,0,0,0,X,X,0,1,1,L
2023-02-27,D-backs,Mountaineers,1 - 0 ,1,5,0,0,0,0,X,X,X,6,8,1,W
2023-02-28,Orioles,Pirates,2 - 2 ,0,0,0,0,1,3,0,0,0,4,6,0,L
2023-02-28,Pirates,Orioles,1 - 2 ,0,0,3,2,0,1,1,0,X,7,10,2,W
2023-02-28,Cardinals,Nationals,3 - 1 ,2,0,0,1,2,0,0,0,0,5,13,0,W
2023-02-28,Nationals,Cardinals,2 - 2 ,0,0,0,0,1,2,0,0,0,3,10,3,L
2023-02-28,Blue Jays,Phillies,2 - 3 ,0,0,0,0,0,1,0,1,0,2,6,0,L
2023-02-28,Phillies,Blue Jays,4 - 1 ,0,0,0,5,0,0,0,2,X,7,11,0,W
2023-02-28,Braves,Twins,1 - 2 ,0,3,0,2,0,1,1,0,0,7,13,0,L
2023-02-28,Twins,Braves,2 - 3 ,4,0,5,0,0,0,0,1,X,10,9,3,W
2023-02-28,Yankees,Rays,3 - 2 ,0,0,0,0,0,0,0,0,0,0,5,2,L
2023-02-28,Rays,Yankees,2 - 2 ,2,0,0,0,0,0,8,2,X,12,15,1,W
2023-02-28,Tigers,Blue Jays,1 - 3 ,1,0,0,0,0,0,0,3,0,4,8,1,L
2023-02-28,Blue Jays,Tigers,2 - 3 ,0,2,1,1,0,0,2,0,X,6,11,1,W
2023-02-28,Astros,Mets,2 - 2 ,5,0,0,0,0,0,0,3,0,8,10,0,W
2023-02-28,Mets,Astros,2 - 3 ,0,0,0,0,3,0,0,1,0,4,5,0,L
2023-02-28,Royals,Guardians,4 - 1 ,0,0,3,0,0,2,0,1,6,12,15,0,W
2023-02-28,Guardians,Royals,1 - 4 ,2,0,0,0,0,4,0,0,0,6,10,0,L
2023-02-28,Reds,Dodgers,2 - 2 ,0,0,1,0,0,0,0,3,3,7,10,0,W
2023-02-28,Dodgers,Reds,2 - 2 ,0,0,0,0,0,0,0,1,0,1,4,1,L
2023-02-28,Angels,Athletics,3 - 1 ,0,0,0,2,3,2,2,0,2,11,11,1,W
2023-02-28,Athletics,Angels,2 - 2 ,0,0,0,3,0,2,0,0,0,5,7,0,L
2023-02-28,Padres,Giants,3 - 2 ,4,0,0,0,0,0,2,0,1,7,8,0,W
2023-02-28,Giants,Padres,2 - 2 ,0,0,1,1,2,0,0,1,0,5,9,0,L
2023-02-28,Rockies,Rangers,3 - 1 ,0,1,2,1,0,0,0,0,0,4,7,2,L
2023-02-28,Rangers,Rockies,3 - 2 ,2,2,0,0,0,1,0,1,X,6,13,0,W
2023-02-28,Guardians,Mariners,1 - 4 ,1,0,0,0,1,6,0,0,0,8,12,0,L
2023-02-28,Mariners,Guardians,2 - 3 ,4,4,0,0,0,0,0,1,X,9,9,2,W
2023-02-28,White Sox,D-backs,2 - 2 ,0,0,1,0,0,2,0,1,0,4,11,1,W
2023-02-28,D-backs,White Sox,1 - 4 ,1,0,0,0,0,0,0,0,0,1,8,1,L
2023-02-28,Cubs,Brewers,1 - 4 ,0,0,0,0,0,0,2,0,1,3,7,1,L
2023-02-28,Brewers,Cubs,3 - 2 ,0,2,1,0,0,0,0,3,X,6,9,0,W
2023-02-28,Red Sox,Marlins,3 - 0 ,0,0,1,1,2,2,0,1,0,7,13,0,W
2023-02-28,Marlins,Red Sox,1 - 3 ,0,0,0,0,0,2,0,0,0,2,6,0,L
2023-03-01,Red Sox,Astros,3 - 0 ,2,0,0,0,0,2,0,0,0,4,7,2,L
2023-03-01,Astros,Red Sox,2 - 2 ,0,1,0,0,0,2,1,0,0,4,7,1,W
2023-03-01,Pirates,Tigers,1 - 3 ,0,1,0,0,2,0,1,3,0,7,9,0,L
2023-03-01,Tigers,Pirates,2 - 3 ,4,0,0,1,0,0,2,0,1,8,9,1,W
2023-03-01,Blue Jays,Orioles,3 - 3 ,0,0,0,1,0,0,0,1,0,2,9,1,W
2023-03-01,Orioles,Blue Jays,2 - 3 ,0,0,0,0,0,0,0,0,1,1,2,1,L
2023-03-01,Phillies,Twins,4 - 1 ,0,2,0,0,2,0,0,0,0,4,7,1,L
2023-03-01,Twins,Phillies,2 - 3 ,0,1,0,1,0,0,0,0,2,4,9,2,W
2023-03-01,Rays,Braves,2 - 2 ,0,0,1,0,1,0,1,0,0,3,6,2,L
2023-03-01,Braves,Rays,1 - 2 ,0,0,0,0,0,1,0,2,0,3,6,0,W
2023-03-01,Nationals,Yankees,2 - 3 ,0,0,1,0,0,1,0,0,0,2,5,0,L
2023-03-01,Yankees,Nationals,4 - 2 ,0,0,0,2,0,0,0,0,2,4,6,0,W
2023-03-01,Mets,Marlins,3 - 3 ,0,0,2,2,1,0,0,1,2,8,11,2,W
2023-03-01,Marlins,Mets,1 - 4 ,0,1,1,0,1,0,0,1,0,4,8,1,L
2023-03-01,Brewers,Angels,3 - 3 ,1,1,0,0,0,1,0,0,0,3,7,0,L
2023-03-01,Angels,Brewers,4 - 1 ,3,0,0,1,0,0,0,0,X,4,6,1,W
2023-03-01,Athletics,Reds,2 - 2 ,2,0,0,0,1,1,2,4,4,14,17,1,L
2023-03-01,Reds,Athletics,2 - 2 ,0,0,1,0,0,2,1,10,0,14,12,1,W
2023-03-01,Mariners,Cubs,2 - 4 ,0,0,0,0,2,0,0,1,0,3,13,0,L
2023-03-01,Cubs,Mariners,2 - 4 ,0,0,0,5,0,0,0,0,X,5,7,0,W
2023-03-01,D-backs,Giants,2 - 4 ,0,1,0,2,1,2,0,1,1,8,13,0,W
2023-03-01,Giants,D-backs,2 - 3 ,0,0,0,0,0,0,1,2,2,5,8,0,L
2023-03-01,Dodgers,Rangers,3 - 2 ,1,1,1,0,1,0,0, , ,4,6,0,W
2023-03-01,Rangers,Dodgers,3 - 4 ,1,0,0,0,0,0,1, , ,2,7,1,L
2023-03-01,Guardians,White Sox,2 - 4 ,2,0,1,1,0,0,4,0,1,9,9,1,W
2023-03-01,White Sox,Guardians,2 - 3 ,0,0,0,1,0,0,3,2,X,6,9,3,L
2023-03-01,Royals,Rockies,5 - 1 ,0,0,0,2,0,0,1,0,5,8,11,2,W
2023-03-01,Rockies,Royals,3 - 2 ,1,3,0,0,0,1,1,0,0,6,10,1,L
2023-03-01,Rangers,Padres,3 - 4 ,0,0,0,0,0,0,1, , ,1,4,0,L
2023-03-01,Padres,Rangers,4 - 2 ,0,3,0,1,1,0,X, , ,5,7,1,W
2023-03-02,Phillies,Red Sox,4 - 2 ,0,0,0,1,2,0,0,0,0,3,5,0,L
2023-03-02,Red Sox,Phillies,4 - 0 ,0,1,6,0,0,4,4,0,X,15,12,0,W
2023-03-02,Orioles,Tigers,2 - 4 ,1,0,0,1,0,1,0,0,0,3,8,0,L
2023-03-02,Tigers,Orioles,3 - 3 ,0,0,0,0,5,0,5,0,X,10,12,1,W
2023-03-02,Astros,Cardinals,3 - 2 ,0,2,1,0,0,1,1,0,1,6,11,0,W
2023-03-02,Cardinals,Astros,3 - 2 ,0,0,0,0,0,0,0,0,0,0,3,1,L
2023-03-02,Twins,Rays,3 - 3 ,0,0,1,0,0,0,0,0,3,4,3,1,W
2023-03-02,Rays,Twins,2 - 3 ,0,0,0,1,0,0,1,0,0,2,7,3,L
2023-03-02,Marlins,Nationals,1 - 4 ,0,1,0,0,0,1,1,2,0,5,13,2,L
2023-03-02,Nationals,Marlins,2 - 3 ,0,0,3,0,0,0,0,2,0,5,10,1,W
2023-03-02,Yankees,Pirates,5 - 2 ,1,2,0,1,1,0,0,0,4,9,11,0,W
2023-03-02,Pirates,Yankees,1 - 4 ,0,0,0,0,0,0,0,0,1,1,2,2,L
2023-03-02,Pirates,Blue Jays,1 - 4 ,0,1,0,0,0,1,0,0,0,2,6,0,L
2023-03-02,Blue Jays,Pirates,3 - 3 ,1,0,1,0,0,0,0,0,0,2,7,2,W
2023-03-02,Braves,Mets,2 - 2 ,0,2,1,0,1,0,2,0,0,6,8,1,W
2023-03-02,Mets,Braves,3 - 4 ,0,0,0,0,0,0,0,0,2,2,8,1,L
2023-03-02,Angels,Royals,4 - 2 ,3,0,0,0,0,0,0,1,0,4,6,2,L
2023-03-02,Royals,Angels,6 - 1 ,2,0,0,4,0,0,0,2,X,8,15,0,W
2023-03-02,D-backs,Dodgers,2 - 4 ,0,0,1,0,0,0,4,0,0,5,8,2,L
2023-03-02,Dodgers,D-backs,3 - 2 ,2,1,1,0,0,1,0,0,0,5,10,2,W
2023-03-02,Athletics,Cubs,2 - 3 ,0,0,0,0,0,0,0,0,1,1,7,0,L
2023-03-02,Cubs,Athletics,3 - 4 ,2,0,1,2,1,0,0,0,X,6,8,0,W
2023-03-02,Giants,Guardians,2 - 4 ,1,0,0,1,0,1,0,0,0,3,6,2,L
2023-03-02,Guardians,Giants,3 - 4 ,0,0,3,0,0,0,0,1,X,4,7,2,W
2023-03-02,Padres,Mariners,4 - 3 ,1,2,0,0,0,0,0,1,0,4,11,1,L
2023-03-02,Mariners,Padres,3 - 4 ,0,1,0,1,0,0,0,2,1,5,11,0,W
2023-03-02,White Sox,Rockies,3 - 3 ,0,3,0,1,0,0,0,2,0,6,12,1,W
2023-03-02,Rockies,White Sox,3 - 3 ,0,0,4,0,0,0,0,0,0,4,8,0,L
2023-03-02,Rangers,Brewers,4 - 4 ,0,0,2,3,0,0,0,1,1,7,11,0,W
2023-03-02,Brewers,Rangers,3 - 4 ,1,0,0,1,2,0,0,0,0,4,13,1,L
2023-03-03,Red Sox,Twins,5 - 0 ,3,0,4,0,1,0,0,1,0,9,9,2,W
2023-03-03,Twins,Red Sox,3 - 4 ,0,2,2,0,0,0,0,0,0,4,5,4,L
2023-03-03,Tigers,Phillies,5 - 3 ,0,0,3,1,1,0,0,1,0,6,11,0,W
2023-03-03,Phillies,Tigers,4 - 3 ,0,0,0,0,1,2,0,0,0,3,8,2,L
2023-03-03,Braves,Astros,2 - 3 ,1,2,0,3,0,2,0,0,0,8,12,1,L
2023-03-03,Astros,Braves,4 - 2 ,0,0,0,0,0,4,6,1,X,11,13,2,W
2023-03-03,Marlins,Cardinals,1 - 5 ,0,0,0,0,0,1,0,0,2,3,10,0,L
2023-03-03,Cardinals,Marlins,4 - 2 ,4,0,3,0,0,1,0,0,X,8,14,3,W
2023-03-03,Rays,Blue Jays,2 - 4 ,1,0,1,2,0,1,0,1,0,6,8,1,L
2023-03-03,Blue Jays,Rays,4 - 3 ,1,2,1,0,0,0,0,0,3,7,8,2,W
2023-03-03,Nationals,Mets,3 - 3 ,0,0,8,1,0,1,0,0,1,11,11,1,W
2023-03-03,Mets,Nationals,3 - 5 ,0,0,2,0,4,0,0,0,0,6,6,2,L
2023-03-03,Royals,Athletics,7 - 1 ,0,2,2,1,0,0,1,0,0,6,9,1,W
2023-03-03,Athletics,Royals,2 - 4 ,0,1,0,1,1,0,0,0,1,4,10,1,L
2023-03-03,Rockies,Giants,3 - 4 ,0,0,0,0,0,1,0,0,1,2,9,0,L
2023-03-03,Giants,Rockies,3 - 5 ,1,0,0,0,0,1,0,1,X,3,6,1,W
2023-03-03,Giants,Rangers,3 - 5 ,1,0,0,0,0,3,0,3,0,7,10,1,L
2023-03-03,Rangers,Giants,5 - 4 ,0,2,1,0,5,2,1,0,X,11,12,2,W
2023-03-03,Reds,White Sox,2 - 3 ,0,0,3,0,0,0,0,1,0,4,6,0,L
2023-03-03,White Sox,Reds,4 - 3 ,0,5,1,0,0,0,0,0,X,6,10,1,W
2023-03-03,Brewers,Guardians,3 - 5 ,1,0,0,0,0,0,2,1,0,4,5,1,L
2023-03-03,Guardians,Brewers,4 - 4 ,0,0,1,0,1,0,2,3,X,7,8,1,W
2023-03-03,Dodgers,Angels,3 - 2 ,0,0,0,2,0,0,0,0,0,2,3,0,L
2023-03-03,Angels,Dodgers,4 - 2 ,0,0,0,0,0,0,0,0,2,2,6,1,W
2023-03-03,Mariners,D-backs,4 - 4 ,0,1,0,3,1,1,0,0,0,6,14,3,W
2023-03-03,D-backs,Mariners,2 - 5 ,0,0,0,0,2,0,1,0,0,3,7,1,L
2023-03-03,Pirates,Orioles,1 - 4 ,1,0,0,0,0,0,0,0,0,1,4,0,L
2023-03-03,Orioles,Pirates,2 - 4 ,1,0,0,0,0,0,0,0,0,1,5,0,W
2023-03-03,Tigers,Yankees,5 - 3 ,0,0,0,0,0,1,3,0,1,5,7,0,W
2023-03-03,Yankees,Tigers,5 - 3 ,0,1,0,0,0,0,2,0,0,3,7,1,L
2023-03-03,Cubs,Padres,4 - 4 ,0,0,0,1,0,1,0,0,2,4,9,0,W
2023-03-03,Padres,Cubs,4 - 4 ,0,0,0,0,0,0,0,0,0,0,0,1,L
2023-03-04,Astros,Red Sox,4 - 2 ,2,1,0,0,0,0,0,1,0,4,10,0,L
2023-03-04,Red Sox,Astros,5 - 0 ,0,3,0,0,0,0,0,1,0,4,5,0,W
2023-03-04,Cardinals,Nationals,5 - 2 ,0,0,1,0,2,0,4,0,2,9,14,1,W
2023-03-04,Nationals,Cardinals,3 - 4 ,0,2,0,0,0,2,0,2,0,6,8,1,L
2023-03-04,Blue Jays,Tigers,5 - 3 ,0,1,0,13,4,0,0,0,0,18,15,0,W
2023-03-04,Tigers,Blue Jays,5 - 4 ,0,1,0,0,1,3,0,0,0,5,12,4,L
2023-03-04,Pirates,Phillies,1 - 5 ,2,0,0,0,0,1,0,0,0,3,4,2,L
2023-03-04,Phillies,Pirates,5 - 3 ,0,0,4,0,0,0,0,0,X,4,8,2,W
2023-03-04,Braves,Orioles,4 - 3 ,1,2,0,0,0,0,0,0,0,3,8,2,W
2023-03-04,Orioles,Braves,2 - 5 ,0,0,0,1,0,1,0,0,0,2,8,1,L
2023-03-04,Twins,Braves,3 - 5 ,0,0,0,0,0,0,0,5,0,5,8,0,L
2023-03-04,Braves,Twins,4 - 3 ,3,0,2,1,0,1,0,0,X,7,10,0,W
2023-03-04,Rays,Yankees,3 - 4 ,0,3,1,1,1,4,0,0,4,14,16,0,W
2023-03-04,Yankees,Rays,5 - 4 ,0,1,4,2,0,1,0,0,2,10,13,1,L
2023-03-04,Mets,Marlins,4 - 5 ,0,3,0,6,3,0,0,3,0,15,16,0,W
2023-03-04,Marlins,Mets,1 - 6 ,1,0,0,0,0,0,2,1,0,4,6,2,L
2023-03-04,Angels,Cubs,4 - 3 ,0,0,0,0,0,0,0,0,0,0,5,1,L
2023-03-04,Cubs,Angels,5 - 4 ,0,0,2,0,0,0,0,0,X,2,5,1,W
2023-03-04,Royals,Reds,8 - 2 ,2,1,1,0,1,0,3,2,2,12,14,0,W
2023-03-04,Reds,Royals,3 - 4 ,2,1,2,0,1,0,0,0,0,6,11,2,L
2023-03-04,Guardians,Athletics,4 - 4 ,0,0,0,1,0,2,0,1,0,4,9,0,L
2023-03-04,Athletics,Guardians,2 - 5 ,0,0,0,0,3,0,1,0,0,4,7,2,W
2023-03-04,D-backs,Giants,3 - 6 ,0,0,1,1,1,0,2,2,2,9,9,1,W
2023-03-04,Giants,D-backs,3 - 7 ,1,0,2,1,0,1,0,0,0,5,10,0,L
2023-03-04,Rangers,White Sox,5 - 5 ,0,0,2,0,1,0,0,0,1,4,8,3,L
2023-03-04,White Sox,Rangers,5 - 3 ,1,1,0,0,0,2,0,0,1,5,10,1,W
2023-03-04,Padres,D-backs,5 - 4 ,0,0,0,0,3,0,0,2,0,5,9,0,W
2023-03-04,D-backs,Padres,3 - 6 ,0,1,0,0,0,0,3,0,0,4,6,0,L
2023-03-04,Rockies,Mariners,4 - 4 ,0,4,0,1,0,0,1,1,0,7,9,1,W
2023-03-04,Mariners,Rockies,4 - 5 ,0,0,0,0,0,1,0,0,0,1,4,3,L
2023-03-04,Giants,Brewers,3 - 7 ,0,0,2,0,0,0,0,0,0,2,4,1,L
2023-03-04,Brewers,Giants,4 - 5 ,0,0,0,7,5,0,2,0,X,14,11,0,W
2023-03-04,Reds,Athletics,3 - 4 ,0,3,0,1,0,4,0,0,2,10,16,1,W
2023-03-04,Athletics,Reds,2 - 5 ,3,0,0,0,0,3,3,0,0,9,12,0,L
2023-03-04,Dodgers,Royals,4 - 2 ,0,1,0,1,1,0,4,0,0,7,11,1,W
2023-03-04,Royals,Dodgers,8 - 2 ,1,0,0,0,0,2,0,2,1,6,14,1,L
2023-03-05,Nationals,Astros,3 - 5 ,0,0,1,0,0,0,0,0,1,2,7,0,L
2023-03-05,Astros,Nationals,5 - 2 ,0,0,2,4,0,0,0,0,X,6,8,1,W
2023-03-05,Mets,Cardinals,5 - 5 ,1,3,0,2,1,0,0,0,0,7,10,1,W
2023-03-05,Cardinals,Mets,5 - 3 ,0,1,0,0,0,0,0,0,0,1,5,1,L
2023-03-05,Orioles,Rays,3 - 5 ,2,0,0,0,0,0,1,2,0,5,6,0,W
2023-03-05,Rays,Orioles,3 - 5 ,0,1,0,1,0,0,0,0,0,2,5,1,L
2023-03-05,Tigers,Twins,5 - 5 ,0,0,2,0,0,0,0,0,0,2,6,0,L
2023-03-05,Twins,Tigers,4 - 6 ,0,1,0,0,1,1,3,0,X,6,11,0,W
2023-03-05,Twins,Pirates,4 - 6 ,0,0,0,1,0,1,0,0,0,2,6,1,L
2023-03-05,Pirates,Twins,2 - 5 ,0,1,0,0,2,2,0,0,X,5,8,0,W
2023-03-05,Marlins,Red Sox,1 - 7 ,0,0,0,0,1,0,0,0,0,1,5,0,L
2023-03-05,Red Sox,Marlins,6 - 0 ,0,0,0,0,0,0,4,0,X,4,7,1,W
2023-03-05,Yankees,Braves,6 - 4 ,1,0,0,0,0,1,0,0,8,10,7,0,W
2023-03-05,Braves,Yankees,4 - 4 ,2,0,3,0,0,0,0,1,0,6,11,3,L
2023-03-05,Phillies,Blue Jays,5 - 4 ,2,0,0,0,0,2,0,0,0,4,9,1,L
2023-03-05,Blue Jays,Phillies,6 - 3 ,1,6,0,0,0,0,7,2,X,16,18,2,W
2023-03-05,D-backs,Guardians,4 - 6 ,0,3,0,2,0,0,0,0,1,6,7,0,W
2023-03-05,Guardians,D-backs,4 - 5 ,1,1,0,0,1,0,0,0,1,4,7,1,L
2023-03-05,Royals,Giants,9 - 2 ,1,0,0,3,1,0,0,0,0,5,11,0,W
2023-03-05,Giants,Royals,3 - 8 ,0,0,0,0,0,0,0,1,0,1,5,1,L
2023-03-05,Angels,Rangers,5 - 4 ,1,0,0,1,3,0,0,0,0,5,7,2,L
2023-03-05,Rangers,Angels,6 - 5 ,1,1,1,3,0,0,0,1,X,7,9,1,W
2023-03-05,White Sox,Dodgers,5 - 4 ,0,0,0,0,0,0,4,0,0,4,9,1,L
2023-03-05,Dodgers,White Sox,5 - 2 ,1,1,0,0,2,1,2,1,X,8,14,1,W
2023-03-05,Reds,Angels,4 - 5 ,1,0,0,0,0,3,0,0,1,5,10,1,L
2023-03-05,Angels,Reds,5 - 4 ,0,0,0,0,3,3,2,0,X,8,11,1,W
2023-03-05,Cubs,Rockies,6 - 4 ,0,1,0,1,1,0,0,0,3,6,13,0,W
2023-03-05,Rockies,Cubs,4 - 5 ,2,0,1,0,0,0,0,2,0,5,11,0,L
2023-03-05,Athletics,Padres,2 - 7 ,1,0,0,1,0,0,0,0,1,3,5,2,L
2023-03-05,Padres,Athletics,6 - 4 ,1,1,0,3,5,0,0,0,X,10,10,0,W
2023-03-05,Mariners,Brewers,5 - 5 ,0,0,2,2,1,1,0,0,0,6,9,0,W
2023-03-05,Brewers,Mariners,4 - 6 ,0,0,0,0,0,0,0,0,1,1,6,2,L
2023-03-05,Reds,Athletics,4 - 5 ,1,5,0,0,0,2,4,0,0,12,13,0,W
2023-03-05,Athletics,Reds,2 - 7 ,0,0,0,0,0,0,1,3,0,4,11,0,L
2023-03-06,Tigers,Red Sox,5 - 6 ,0,0,0,0,0,1,0,0,0,1,5,1,L
2023-03-06,Red Sox,Tigers,7 - 0 ,4,0,1,0,0,2,0,0,X,7,11,0,W
2023-03-06,Astros,Cardinals,5 - 3 ,0,1,0,0,0,0,0,0,0,1,3,1,L
2023-03-06,Cardinals,Astros,6 - 3 ,0,6,0,1,0,0,0,0,X,7,8,0,W
2023-03-06,Phillies,Orioles,5 - 5 ,0,0,1,0,0,4,0,2,0,7,11,1,L
2023-03-06,Orioles,Phillies,4 - 5 ,0,0,0,3,0,0,0,4,3,10,14,0,W
2023-03-06,Marlins,Rays,1 - 8 ,0,0,0,0,0,1,0,0,0,1,4,1,L
2023-03-06,Rays,Marlins,4 - 5 ,0,0,3,0,0,0,1,1,X,5,7,1,W
2023-03-06,D-backs,Royals,4 - 7 ,0,0,0,0,0,1,0,0,0,1,6,0,L
2023-03-06,Royals,D-backs,10 - 2 ,1,2,0,2,0,4,0,1,X,10,13,1,W
2023-03-06,Padres,Dodgers,6 - 5 ,0,0,0,0,0,0,0,0,3,3,3,2,L
2023-03-06,Dodgers,Padres,6 - 2 ,0,6,0,0,0,1,1,0,X,8,11,1,W
2023-03-06,Guardians,Angels,4 - 6 ,0,0,0,0,0,0,0,0,0,0,5,1,L
2023-03-06,Angels,Guardians,6 - 4 ,0,1,0,0,4,0,1,0,X,6,8,0,W
2023-03-06,Cubs,Mariners,7 - 4 ,2,0,0,0,0,0,1,0,3,6,11,3,W
2023-03-06,Mariners,Cubs,5 - 6 ,0,0,1,0,0,0,1,0,0,2,8,1,L
2023-03-06,Rangers,Rockies,6 - 6 ,0,0,0,1,0,0,0,0,0,1,6,0,L
2023-03-06,Rockies,Rangers,5 - 6 ,0,0,0,0,0,0,0,4,X,4,5,1,W
2023-03-06,Pirates,Yankees,2 - 6 ,0,0,0,0,0,0,0,1,1,2,4,1,L
2023-03-06,Yankees,Pirates,7 - 4 ,0,6,1,0,0,2,0,0,X,9,15,2,W
2023-03-06,Rockies,Reds,5 - 6 ,0,0,0,1,0,0,0,0,0,1,8,0,L
2023-03-06,Reds,Rockies,5 - 5 ,0,3,0,1,1,1,0,0,X,6,10,0,W
2023-03-07,Cuba,Netherlands,0 - 1 ,0,1,0,0,0,0,1,0,0,2,3,0,L
2023-03-07,Netherlands,Cuba,1 - 0 ,0,0,1,0,0,3,0,0,X,4,7,0,W
2023-03-07,Cardinals,Tigers,6 - 4 ,0,1,0,0,0,0,1,0,1,3,8,2,L
2023-03-07,Tigers,Cardinals,6 - 6 ,1,3,0,0,6,2,2,2,X,16,19,0,W
2023-03-07,Blue Jays,Pirates,6 - 4 ,0,0,0,0,2,0,0,0,0,2,6,2,L
2023-03-07,Pirates,Blue Jays,3 - 6 ,0,0,0,2,0,0,1,4,X,7,6,0,W
2023-03-07,Orioles,Twins,4 - 6 ,0,1,0,0,0,2,1,2,0,6,10,1,L
2023-03-07,Twins,Orioles,5 - 6 ,0,1,0,1,0,0,1,2,2,7,11,2,W
2023-03-07,Rays,Phillies,5 - 5 ,1,0,1,0,0,3,0,2,0,7,8,3,W
2023-03-07,Phillies,Rays,5 - 6 ,0,0,0,0,0,0,1,2,0,3,6,1,L
2023-03-07,Nationals,Marlins,4 - 5 ,1,0,0,0,0,3,0,0,1,5,9,2,W
2023-03-07,Marlins,Nationals,1 - 9 ,2,0,0,0,0,0,1,0,0,3,6,1,L
2023-03-07,Giants,Reds,3 - 9 ,1,0,1,0,1,0,0,0,0,3,8,3,L
2023-03-07,Reds,Giants,6 - 5 ,4,1,1,0,1,0,0,0,X,7,10,0,W
2023-03-07,Cubs,Rangers,8 - 4 ,1,1,0,3,0,1,1,0,2,9,11,0,W
2023-03-07,Rangers,Cubs,6 - 7 ,4,0,2,0,0,0,0,0,0,6,5,2,L
2023-03-07,Brewers,White Sox,4 - 7 ,0,0,0,0,1,0,0,0,1,2,6,2,L
2023-03-07,White Sox,Brewers,6 - 4 ,2,0,1,2,0,0,0,0,X,5,12,0,W
2023-03-07,Athletics,D-backs,3 - 7 ,1,0,6,2,0,0,0,0,0,9,11,1,W
2023-03-07,D-backs,Athletics,4 - 8 ,0,1,0,1,1,0,0,0,0,3,7,1,L
2023-03-07,Angels,Padres,7 - 4 ,0,0,0,0,0,2,3,0,0,5,18,0,W
2023-03-07,Padres,Angels,6 - 6 ,0,0,0,2,0,0,2,0,0,4,10,0,L
2023-03-07,Mets,Astros,5 - 5 ,0,0,1,0,0,0,3,1,0,5,10,1,L
2023-03-07,Astros,Mets,5 - 3 ,0,1,0,0,0,0,0,1,3,5,11,1,W
2023-03-07,Red Sox,Braves,8 - 0 ,0,0,0,4,2,0,0,1,3,10,10,0,W
2023-03-07,Braves,Red Sox,4 - 5 ,0,0,2,0,0,0,0,0,0,2,4,1,L
2023-03-08,Panama,Chinese Taipei,1 - 0 ,0,0,0,5,0,6,1,0,0,12,14,0,W
2023-03-08,Chinese Taipei,Panama,0 - 1 ,0,0,0,0,1,1,2,1,0,5,13,1,L
2023-03-08,Australia,Korea,1 - 0 ,0,0,0,1,1,0,3,3,0,8,10,0,W
2023-03-08,Korea,Australia,0 - 1 ,0,0,0,0,3,1,0,3,0,7,7,0,L
2023-03-08,Panama,Netherlands,1 - 1 ,0,0,0,0,0,1,0,0,0,1,7,1,L
2023-03-08,Netherlands,Panama,2 - 0 ,0,0,1,0,1,0,0,1,X,3,8,0,W
2023-03-08,Nationals,Tigers,4 - 6 ,0,0,0,0,0,0,0,0,1,1,11,0,L
2023-03-08,Tigers,Nationals,7 - 6 ,0,0,0,0,0,1,0,1,X,2,6,0,W
2023-03-08,Pirates,Orioles,3 - 7 ,0,0,0,1,0,0,1,2,0,4,9,1,L
2023-03-08,Orioles,Pirates,5 - 6 ,0,0,0,3,4,0,0,0,X,7,9,1,W
2023-03-08,Cardinals,Yankees,7 - 4 ,0,0,0,0,1,0,3,0,0,4,9,1,W
2023-03-08,Yankees,Cardinals,7 - 5 ,0,0,0,0,0,0,0,0,0,0,4,1,L
2023-03-08,Twins,Blue Jays,6 - 6 ,0,0,0,1,1,0,2,0,3,7,12,0,W
2023-03-08,Blue Jays,Twins,6 - 5 ,0,0,0,0,0,0,0,0,0,0,4,0,L
2023-03-08,Rockies,Angels,5 - 7 ,1,0,0,0,0,0,1,1,0,3,7,2,L
2023-03-08,Angels,Rockies,8 - 4 ,0,0,0,2,0,0,0,0,2,4,9,2,W
2023-03-08,Reds,Padres,7 - 5 ,0,0,3,0,0,3,0,4,0,10,13,2,W
2023-03-08,Padres,Reds,6 - 7 ,0,2,0,0,1,2,2,2,0,9,11,2,L
2023-03-08,Rangers,D-backs,6 - 8 ,0,0,0,0,0,0,0,0,0,0,7,0,L
2023-03-08,D-backs,Rangers,5 - 8 ,0,0,0,0,0,1,0,1,X,2,5,0,W
2023-03-08,Mariners,Dodgers,5 - 6 ,0,0,0,0,0,0,0,0,2,2,7,0,L
2023-03-08,Dodgers,Mariners,6 - 2 ,0,0,0,0,0,0,0,1,1,2,8,1,W
2023-03-08,White Sox,Royals,6 - 5 ,0,0,0,0,0,1,4,0,0,5,5,0,L
2023-03-08,Royals,White Sox,11 - 2 ,5,6,1,0,0,1,1,0,X,14,16,3,W
2023-03-08,Dominican Rep.,Braves,1 - 0 ,0,0,5,0,0,4,0,0,0,9,14,0,W
2023-03-08,Braves,Dominican Rep.,0 - 1 ,0,0,0,0,0,0,0,0,0,0,6,0,L
2023-03-08,Canada,Cubs,0 - 1 ,2,0,1,1,0,0,0,0,3,7,9,0,L
2023-03-08,Cubs,Canada,1 - 0 ,0,2,1,0,0,1,3,4,X,11,11,0,W
2023-03-08,Colombia,Athletics,1 - 0 ,0,1,0,1,0,1,0,0,0,3,7,0,W
2023-03-08,Athletics,Colombia,0 - 1 ,0,0,2,0,0,0,0,0,0,2,7,2,L
2023-03-08,Mexico,Guardians,0 - 1 ,0,0,0,0,0,0,0,0,0,0,5,3,L
2023-03-08,Guardians,Mexico,1 - 0 ,2,1,0,0,2,0,1,0,X,6,11,0,W
2023-03-08,Great Britain,Brewers,0 - 1 ,0,1,0,1,0,0,0,0,0,2,10,1,L
2023-03-08,Brewers,Great Britain,1 - 0 ,2,2,0,0,1,2,1,0,X,8,11,1,W
2023-03-08,Puerto Rico,Red Sox,0 - 1 ,0,0,1,0,0,0,0,1,1,3,9,2,L
2023-03-08,Red Sox,Puerto Rico,2 - 0 ,1,0,1,0,1,0,6,0,X,9,9,0,W
2023-03-08,Venezuela,Astros,1 - 0 ,0,2,0,0,4,1,0,1,1,9,11,1,W
2023-03-08,Astros,Venezuela,0 - 1 ,0,1,1,3,0,0,1,0,2,8,11,1,L
2023-03-08,Nicaragua,Mets,1 - 0 ,0,1,0,1,0,0,0,0,0,2,5,2,W
2023-03-08,Mets,Nicaragua,0 - 1 ,0,0,0,0,0,0,0,0,0,0,1,3,L
2023-03-08,Israel,Marlins,0 - 1 ,0,0,1,3,1,0,0,0,0,5,7,3,L
2023-03-08,Marlins,Israel,1 - 0 ,1,0,0,1,3,3,0,3,X,11,13,1,W
2023-03-08,United States,Giants,0 - 1 ,0,0,0,0,0,1,0,0,0,1,4,0,L
2023-03-08,Giants,United States,1 - 0 ,2,0,1,0,0,1,1,0,X,5,10,0,W
2023-03-09,China,Japan,0 - 1 ,0,0,0,0,0,1,0,0,0,1,3,2,L
2023-03-09,Japan,China,1 - 0 ,1,0,0,2,0,0,1,4,X,8,9,0,W
2023-03-09,Italy,Cuba,1 - 0 ,0,0,0,0,0,1,1,0,0,6,11,1,W
2023-03-09,Cuba,Italy,0 - 2 ,0,0,0,0,0,0,1,1,0,3,8,0,L
2023-03-09,Czech Republic,China,1 - 0 ,2,0,1,0,0,1,0,0,4,8,10,1,W
2023-03-09,China,Czech Republic,0 - 2 ,0,0,0,0,1,0,4,0,0,5,6,1,L
2023-03-09,Cuba,Panama,1 - 2 ,1,1,0,0,0,4,5,2,0,13,21,1,W
2023-03-09,Panama,Cuba,1 - 2 ,0,4,0,0,0,0,0,0,0,4,9,0,L
2023-03-09,Tigers,Pirates,8 - 6 ,0,0,1,2,1,0,5,1,0,10,13,0,W
2023-03-09,Pirates,Tigers,3 - 8 ,0,0,1,0,0,3,0,0,3,7,13,3,L
2023-03-09,Blue Jays,Rays,7 - 6 ,0,0,0,0,0,1,0,0,0,1,7,2,L
2023-03-09,Rays,Blue Jays,6 - 5 ,1,1,1,0,0,2,0,1,X,6,10,0,W
2023-03-09,Orioles,Phillies,5 - 7 ,0,2,2,0,0,0,2,0,0,6,10,0,L
2023-03-09,Phillies,Orioles,6 - 6 ,1,0,0,4,0,2,0,0,X,7,8,1,W
2023-03-09,Red Sox,Yankees,9 - 0 ,0,2,0,0,0,6,1,0,2,11,13,0,W
2023-03-09,Yankees,Red Sox,7 - 6 ,0,2,0,1,0,0,0,0,4,7,9,0,L
2023-03-09,Braves,Blue Jays,4 - 6 ,0,0,0,0,0,0,1,0,0,1,4,0,L
2023-03-09,Blue Jays,Braves,7 - 6 ,0,0,1,0,0,0,2,0,X,3,7,0,W
2023-03-09,Reds,Cubs,7 - 6 ,3,1,0,1,0,0,0,0,1,6,7,0,L
2023-03-09,Cubs,Reds,9 - 4 ,0,0,0,0,0,6,2,0,X,8,10,2,W
2023-03-09,Dodgers,Athletics,6 - 3 ,0,0,0,0,0,0,0,0,0,0,6,2,L
2023-03-09,Athletics,Dodgers,4 - 7 ,0,0,0,0,1,0,0,0,X,1,5,0,W
2023-03-09,Padres,Guardians,7 - 7 ,2,0,0,0,2,0,2,0,0,6,14,1,W
2023-03-09,Guardians,Padres,4 - 7 ,0,2,0,0,0,0,0,0,2,4,9,0,L
2023-03-09,Brewers,Giants,4 - 8 ,1,0,0,0,1,0,0,0,0,2,7,0,L
2023-03-09,Giants,Brewers,4 - 9 ,1,0,1,0,0,2,1,0,X,5,7,1,W
2023-03-09,Dominican Rep.,Twins,1 - 1 ,0,0,0,0,0,0,0,0,1,1,4,1,L
2023-03-09,Twins,Dominican Rep.,1 - 0 ,0,0,0,2,0,0,0,0,X,2,4,1,W
2023-03-09,Nicaragua,Cardinals,1 - 1 ,0,0,0,0,0,3,1,0,0,4,7,1,L
2023-03-09,Cardinals,Nicaragua,1 - 0 ,2,0,1,0,0,0,0,3,X,6,9,1,W
2023-03-09,Puerto Rico,Braves,0 - 2 ,0,0,0,0,0,0,0,0,0,0,4,1,L
2023-03-09,Braves,Puerto Rico,1 - 1 ,1,3,1,2,1,1,0,0,X,9,15,0,W
2023-03-09,Venezuela,Mets,2 - 0 ,3,1,1,0,0,0,0,0,1,6,11,0,W
2023-03-09,Mets,Venezuela,0 - 2 ,0,0,0,0,1,3,0,0,0,4,12,0,L
2023-03-09,Colombia,White Sox,2 - 0 ,2,0,0,1,0,0,1,1,0,5,9,3,W
2023-03-09,White Sox,Colombia,0 - 1 ,0,0,0,1,0,0,2,0,1,4,6,0,L
2023-03-09,Great Britain,Royals,0 - 2 ,0,1,0,0,0,0,0,0,0,1,6,1,L
2023-03-09,Royals,Great Britain,1 - 0 ,1,4,1,0,1,0,0,1,X,8,9,0,W
2023-03-09,Canada,Mariners,0 - 2 ,0,0,0,1,0,0,2,0,0,3,4,1,L
2023-03-09,Mariners,Canada,1 - 0 ,0,2,0,0,0,0,0,3,X,5,13,0,W
2023-03-09,Mexico,Rockies,1 - 1 ,0,0,2,0,3,3,0,2,1,11,15,0,W
2023-03-09,Rockies,Mexico,0 - 1 ,0,1,0,0,0,0,0,0,0,1,7,3,L
2023-03-09,United States,Angels,1 - 1 ,0,0,4,0,1,0,1,0,0,6,10,1,W
2023-03-09,Angels,United States,0 - 1 ,0,0,0,0,0,0,0,0,0,0,5,2,L
2023-03-09,Israel,Nationals,1 - 1 ,0,1,0,0,4,0,0,0,4,9,12,1,W
2023-03-09,Nationals,Israel,0 - 1 ,0,0,0,0,0,0,0,0,0,0,6,0,L
2023-03-10,Korea,Japan,0 - 2 ,0,0,3,0,0,1,0,0,0,4,6,1,L
2023-03-10,Japan,Korea,2 - 0 ,0,0,4,0,2,5,2,0,X,13,13,1,W
2023-03-10,Italy,Chinese Taipei,1 - 1 ,0,2,0,4,1,0,0,0,0,7,11,2,L
2023-03-10,Chinese Taipei,Italy,1 - 1 ,1,1,3,0,0,2,1,3,X,11,16,0,W
2023-03-10,China,Australia,0 - 3 ,0,0,0,2,0,0,0, , ,2,5,1,L
2023-03-10,Australia,China,2 - 0 ,3,0,2,5,0,1,1, , ,12,12,1,W
2023-03-10,Panama,Italy,2 - 2 ,0,1,0,0,0,0,1,0,0,2,7,0,W
2023-03-10,Italy,Panama,1 - 2 ,0,0,0,0,0,0,0,0,0,0,5,0,L
2023-03-10,Blue Jays,Red Sox,8 - 6 ,0,0,1,1,0,0,0,0,0,2,9,0,W
2023-03-10,Red Sox,Blue Jays,9 - 1 ,0,0,0,0,0,0,0,0,0,0,5,1,L
2023-03-10,Pirates,Phillies,3 - 9 ,1,2,0,0,0,0,1,0,0,4,12,0,L
2023-03-10,Phillies,Pirates,7 - 6 ,0,0,0,6,2,0,0,2,X,10,13,1,W
2023-03-10,Braves,Rays,5 - 6 ,0,0,0,0,0,0,2,1,0,3,7,0,W
2023-03-10,Rays,Braves,6 - 6 ,0,1,0,0,0,0,0,1,0,2,3,0,L
2023-03-10,Yankees,Tigers,8 - 6 ,0,0,1,2,0,0,0,0,1,4,5,0,W
2023-03-10,Tigers,Yankees,8 - 7 ,0,1,1,0,0,0,1,0,0,3,8,2,L
2023-03-10,Astros,Mets,5 - 4 ,0,0,1,0,0,0,1,0,0,2,6,1,L
2023-03-10,Mets,Astros,6 - 6 ,0,3,2,1,0,0,0,1,X,7,11,0,W
2023-03-10,Angels,Dodgers,8 - 5 ,2,0,1,0,0,0,0,0,2,5,10,2,L
2023-03-10,Dodgers,Angels,7 - 3 ,0,0,0,2,1,0,0,2,1,6,7,0,W
2023-03-10,Padres,Royals,7 - 8 ,0,0,0,0,0,0,0,0,0,0,4,0,L
2023-03-10,Royals,Padres,12 - 2 ,0,0,0,0,0,1,0,0,X,1,5,1,W
2023-03-10,Rangers,Athletics,6 - 9 ,0,0,1,1,2,3,0,1,3,11,15,1,L
2023-03-10,Athletics,Rangers,5 - 7 ,0,0,0,0,1,0,0,4,7,12,11,2,W
2023-03-10,White Sox,Cubs,7 - 5 ,0,0,0,0,2,0,0,1,1,4,10,3,W
2023-03-10,Cubs,White Sox,9 - 5 ,0,0,1,0,0,0,0,0,2,3,11,0,L
2023-03-10,Reds,Mariners,8 - 7 ,0,0,1,0,1,0,0,1,0,3,8,1,L
2023-03-10,Mariners,Reds,6 - 6 ,0,4,0,0,5,2,0,0,X,11,11,3,W
2023-03-10,Giants,Rockies,4 - 10 ,0,0,0,0,1,0,0,0,0,1,7,1,L
2023-03-10,Rockies,Giants,6 - 7 ,2,0,2,0,4,0,0,0,X,8,8,1,W
2023-03-10,Guardians,Brewers,4 - 8 ,1,0,0,1,0,0,0,1,0,3,4,2,L
2023-03-10,Brewers,Guardians,5 - 8 ,0,4,4,0,1,0,1,2,X,12,12,2,W
2023-03-10,Mets,Cardinals,6 - 6 ,0,0,2,0,0,1,1,1,0,5,10,1,L
2023-03-10,Cardinals,Mets,8 - 4 ,2,0,3,2,0,0,0,0,X,7,7,1,W
2023-03-10,Twins,Orioles,6 - 6 ,0,0,0,1,0,1,1,0,2,5,7,2,L
2023-03-10,Orioles,Twins,5 - 7 ,0,0,0,1,1,0,1,2,0,5,11,0,W
2023-03-10,Marlins,Nationals,2 - 9 ,0,0,0,1,4,0,0,0,2,7,13,0,W
2023-03-10,Nationals,Marlins,4 - 7 ,0,0,0,1,0,0,0,1,0,2,5,1,L
2023-03-10,D-backs,Reds,5 - 9 ,2,0,0,1,0,0,2,0,0,5,8,0,L
2023-03-10,Reds,D-backs,8 - 7 ,6,0,0,0,0,0,0,0,X,6,8,1,W
2023-03-11,Czech Republic,Japan,1 - 1 ,1,0,0,0,1,0,0,0,0,2,4,1,L
2023-03-11,Japan,Czech Republic,3 - 0 ,0,0,3,4,1,0,0,2,X,10,11,1,W
2023-03-11,Netherlands,Chinese Taipei,2 - 1 ,1,0,1,0,0,0,0,2,1,5,6,0,L
2023-03-11,Chinese Taipei,Netherlands,2 - 1 ,0,5,2,1,0,0,0,1,X,9,11,1,W
2023-03-11,Nicaragua,Puerto Rico,0 - 1 ,0,0,0,0,1,0,0,0,0,1,4,1,L
2023-03-11,Puerto Rico,Nicaragua,1 - 0 ,1,0,0,0,5,0,3,0,X,9,11,0,W
2023-03-11,Colombia,Mexico,1 - 0 ,0,0,0,0,3,0,1,0,0,5,7,1,W
2023-03-11,Mexico,Colombia,0 - 1 ,0,0,0,1,2,0,1,0,0,4,9,1,L
2023-03-11,Dominican Rep.,Venezuela,0 - 1 ,1,0,0,0,0,0,0,0,0,1,6,1,L
2023-03-11,Venezuela,Dominican Rep.,1 - 0 ,0,1,0,2,0,1,0,1,X,5,9,1,W
2023-03-11,Great Britain,United States,0 - 1 ,1,0,0,0,0,0,1,0,0,2,8,2,L
2023-03-11,United States,Great Britain,1 - 0 ,0,0,2,3,0,1,0,0,X,6,9,0,W
2023-03-11,Czech Republic,Korea,1 - 2 ,0,0,0,0,0,0,2,1,0,3,6,1,L
2023-03-11,Korea,Czech Republic,1 - 2 ,5,1,0,0,0,0,1,0,X,7,11,0,W
2023-03-11,Chinese Taipei,Cuba,2 - 2 ,0,0,0,0,0,0,0,0,1,1,4,1,L
2023-03-11,Cuba,Chinese Taipei,2 - 2 ,4,2,0,1,0,0,0,0,X,7,13,0,W
2023-03-11,Cardinals,Astros,8 - 5 ,0,0,2,0,0,0,0,0,0,2,5,0,L
2023-03-11,Astros,Cardinals,6 - 4 ,0,2,0,0,0,0,0,0,1,3,8,1,W
2023-03-11,Red Sox,Twins,9 - 2 ,0,3,0,0,0,0,0,0,0,3,11,0,L
2023-03-11,Twins,Red Sox,7 - 6 ,0,0,0,0,2,2,0,0,X,4,6,1,W
2023-03-11,Tigers,Braves,9 - 7 ,0,0,0,2,2,4,2,6,0,16,19,0,W
2023-03-11,Braves,Tigers,5 - 7 ,0,3,2,0,0,2,0,0,0,7,11,2,L
2023-03-11,Yankees,Pirates,8 - 8 ,0,0,0,0,0,0,0,0,0,0,5,0,L
2023-03-11,Pirates,Yankees,4 - 9 ,0,0,3,0,0,0,0,0,X,3,9,0,W
2023-03-11,Phillies,Yankees,8 - 6 ,0,2,0,0,1,0,0,3,0,6,12,1,W
2023-03-11,Yankees,Phillies,8 - 8 ,0,0,1,0,2,0,0,0,0,3,4,0,L
2023-03-11,Orioles,Blue Jays,5 - 8 ,0,1,2,0,0,1,0,0,2,6,10,1,L
2023-03-11,Blue Jays,Orioles,9 - 6 ,0,1,1,0,0,4,2,0,X,8,7,1,W
2023-03-11,Cubs,Dodgers,10 - 5 ,0,0,0,0,3,1,0,0,1,5,7,0,W
2023-03-11,Dodgers,Cubs,8 - 4 ,0,0,0,0,1,0,0,1,0,2,4,1,L
2023-03-11,Athletics,Guardians,5 - 8 ,0,0,2,0,0,0,0,0,0,2,3,0,L
2023-03-11,Guardians,Athletics,5 - 8 ,2,2,0,0,0,0,0,0,X,4,6,1,W
2023-03-11,Dodgers,Giants,8 - 4 ,0,0,0,5,2,4,2,0,0,13,12,1,W
2023-03-11,Giants,Dodgers,4 - 11 ,0,1,0,0,2,0,2,0,3,8,15,1,L
2023-03-11,Reds,Rangers,8 - 8 ,0,0,0,2,1,0,0,2,2,7,9,0,L
2023-03-11,Rangers,Reds,7 - 9 ,2,0,1,2,1,0,0,2,X,8,13,0,W
2023-03-11,D-backs,Angels,5 - 10 ,1,1,0,2,0,3,2,1,0,10,19,1,L
2023-03-11,Angels,D-backs,9 - 5 ,4,0,2,0,3,1,1,0,X,11,15,0,W
2023-03-11,Mariners,Rockies,7 - 6 ,0,0,2,0,0,1,0,1,0,4,8,0,W
2023-03-11,Rockies,Mariners,6 - 8 ,0,0,0,2,0,0,0,0,0,2,11,1,L
2023-03-11,White Sox,Padres,7 - 6 ,0,0,0,2,0,0,1,1,1,5,7,0,L
2023-03-11,Padres,White Sox,8 - 8 ,0,1,1,0,3,0,0,1,X,6,10,0,W
2023-03-11,Rays,Marlins,6 - 7 ,0,0,2,0,1,0,0,0,0,3,4,0,L
2023-03-11,Marlins,Rays,3 - 9 ,0,0,0,0,5,0,0,0,X,5,9,1,W
2023-03-11,Royals,Brewers,13 - 2 ,4,0,1,0,0,3,1,0,3,12,14,0,W
2023-03-11,Brewers,Royals,5 - 9 ,0,0,0,1,0,1,0,0,0,2,6,2,L
2023-03-11,Mets,Nationals,6 - 7 ,1,1,0,0,4,0,1,0,0,7,11,1,L
2023-03-11,Nationals,Mets,5 - 7 ,0,2,0,0,2,1,1,4,X,10,14,3,W
2023-03-12,Japan,Australia,4 - 0 ,3,2,0,1,1,0,0,0,0,7,10,0,W
2023-03-12,Australia,Japan,2 - 1 ,0,0,0,0,0,0,0,0,1,1,5,0,L
2023-03-12,Netherlands,Italy,2 - 2 ,0,0,1,0,0,0,0,0,0,1,7,1,L
2023-03-12,Italy,Netherlands,2 - 2 ,0,0,0,6,0,0,0,1,X,7,12,0,W
2023-03-12,Nicaragua,Israel,0 - 2 ,0,0,0,0,1,0,0,0,0,1,4,1,L
2023-03-12,Israel,Nicaragua,1 - 0 ,0,0,0,0,0,0,0,3,X,3,7,0,W
2023-03-12,Great Britain,Canada,0 - 2 ,3,1,1,3,0,0,0, , ,8,8,2,L
2023-03-12,Canada,Great Britain,1 - 0 ,5,1,4,6,1,1,X, , ,18,17,0,W
2023-03-12,Venezuela,Puerto Rico,2 - 0 ,4,3,0,1,1,0,0,0,0,9,12,1,W
2023-03-12,Puerto Rico,Venezuela,1 - 1 ,0,1,0,0,0,4,0,1,0,6,7,1,L
2023-03-12,Mexico,United States,1 - 1 ,2,0,1,4,0,0,0,4,0,11,15,0,W
2023-03-12,United States,Mexico,1 - 1 ,0,1,0,0,0,0,1,3,0,5,8,0,L
2023-03-12,Australia,Czech Republic,3 - 1 ,1,0,0,0,0,0,2,3,2,8,8,0,W
2023-03-12,Czech Republic,Australia,1 - 3 ,0,0,1,0,0,0,0,2,0,3,8,0,L
2023-03-12,Red Sox,Orioles,9 - 3 ,0,0,0,4,0,0,0,0,0,4,6,1,L
2023-03-12,Orioles,Red Sox,6 - 8 ,0,1,0,5,0,0,0,0,X,6,6,0,W
2023-03-12,Nationals,Cardinals,5 - 8 ,0,0,1,0,0,0,0,0,0,1,6,0,L
2023-03-12,Cardinals,Nationals,9 - 5 ,2,2,0,0,0,0,1,0,X,5,9,0,W
2023-03-12,Twins,Tigers,7 - 7 ,0,0,0,0,0,3,4,0,0,7,7,0,L
2023-03-12,Tigers,Twins,10 - 7 ,4,3,1,0,0,0,0,0,X,8,10,0,W
2023-03-12,Blue Jays,Phillies,10 - 6 ,0,0,3,0,1,0,0,0,4,8,14,2,W
2023-03-12,Phillies,Blue Jays,8 - 7 ,0,0,0,0,3,0,0,0,0,3,13,3,L
2023-03-12,Braves,Pirates,6 - 7 ,1,1,0,0,0,5,0,0,4,11,12,0,W
2023-03-12,Pirates,Braves,4 - 10 ,0,0,0,1,2,0,0,0,0,3,4,0,L
2023-03-12,Marlins,Astros,3 - 10 ,0,0,0,1,0,0,0,0,0,1,6,1,L
2023-03-12,Astros,Marlins,7 - 4 ,0,2,1,0,0,0,2,0,X,5,14,1,W
2023-03-12,Yankees,Red Sox,8 - 8 ,0,0,0,2,1,0,0,0,0,3,11,0,L
2023-03-12,Red Sox,Yankees,9 - 3 ,0,0,0,2,1,0,0,0,0,3,8,0,W
2023-03-12,Rays,Mets,7 - 7 ,0,0,1,2,0,0,1,3,3,10,10,2,W
2023-03-12,Mets,Rays,6 - 8 ,0,0,0,1,1,0,2,0,0,4,7,1,L
2023-03-12,Guardians,Royals,5 - 9 ,0,0,1,0,1,0,0,3,1,6,12,2,L
2023-03-12,Royals,Guardians,14 - 2 ,1,1,0,0,2,1,2,0,X,7,10,0,W
2023-03-12,Dodgers,Reds,9 - 4 ,0,0,1,0,5,0,2,0,0,8,15,0,W
2023-03-12,Reds,Dodgers,8 - 9 ,0,0,0,0,0,0,1,0,0,1,5,0,L
2023-03-12,Padres,Athletics,8 - 9 ,0,0,1,1,1,0,1,0,2,6,10,0,L
2023-03-12,Athletics,Padres,6 - 9 ,0,0,0,0,2,0,4,2,X,8,11,1,W
2023-03-12,Athletics,Giants,6 - 9 ,0,2,0,0,0,0,0,0,1,3,10,1,L
2023-03-12,Giants,Athletics,5 - 11 ,0,0,0,2,0,1,0,1,X,4,5,1,W
2023-03-12,Angels,White Sox,9 - 5 ,0,0,0,0,0,0,1,0,0,1,6,0,L
2023-03-12,White Sox,Angels,7 - 6 ,1,0,0,0,0,0,0,0,0,1,4,1,W
2023-03-12,Brewers,Cubs,6 - 9 ,0,3,0,0,0,0,0,2,0,5,11,1,W
2023-03-12,Cubs,Brewers,10 - 6 ,0,0,0,0,0,2,0,0,1,3,5,1,L
2023-03-12,Rockies,D-backs,6 - 9 ,2,0,1,4,0,0,1,1,0,9,14,1,L
2023-03-12,D-backs,Rockies,6 - 10 ,5,1,1,1,0,2,0,0,X,10,18,1,W
2023-03-12,Rangers,Mariners,7 - 10 ,2,0,0,1,4,1,0,0,2,10,12,0,L
2023-03-12,Mariners,Rangers,8 - 6 ,0,0,2,0,0,6,3,0,X,11,13,4,W
2023-03-13,Korea,China,2 - 2 ,2,2,8,6,4, , , , ,22,20,0,W
2023-03-13,China,Korea,0 - 4 ,2,0,0,0,0, , , , ,2,4,0,L
2023-03-13,Dominican Rep.,Nicaragua,1 - 1 ,1,0,1,2,0,1,1,0,0,6,12,0,W
2023-03-13,Nicaragua,Dominican Rep.,0 - 3 ,0,0,0,0,0,0,0,1,0,1,5,1,L
2023-03-13,Colombia,Great Britain,1 - 1 ,0,1,0,2,0,0,0,0,2,5,7,2,L
2023-03-13,Great Britain,Colombia,1 - 2 ,0,0,0,3,2,0,2,0,X,7,7,2,W
2023-03-13,Israel,Puerto Rico,1 - 1 ,0,0,0,0,0,0,0,0, ,0,0,2,L
2023-03-13,Puerto Rico,Israel,2 - 1 ,3,3,0,0,3,0,0,1, ,10,11,0,W
2023-03-13,Canada,United States,1 - 1 ,0,1,0,0,0,0,0, , ,1,5,0,L
2023-03-13,United States,Canada,2 - 1 ,9,3,0,0,0,0,X, , ,12,10,0,W
2023-03-13,Tigers,Orioles,10 - 9 ,1,0,0,0,1,1,0,4,0,7,8,0,L
2023-03-13,Orioles,Tigers,7 - 9 ,2,0,0,2,1,2,1,3,X,11,15,2,W
2023-03-13,Astros,Nationals,7 - 5 ,0,0,3,0,0,1,0,2,0,6,13,0,L
2023-03-13,Nationals,Astros,6 - 8 ,1,0,0,0,0,1,0,5,X,7,9,1,W
2023-03-13,Tigers,Rays,10 - 9 ,1,0,0,0,2,0,0,2,0,5,9,0,L
2023-03-13,Rays,Tigers,8 - 7 ,0,3,6,0,0,0,0,0,X,9,8,2,W
2023-03-13,Orioles,Braves,7 - 9 ,0,0,0,0,0,5,0, , ,5,8,1,L
2023-03-13,Braves,Orioles,7 - 7 ,0,0,1,3,0,2,X, , ,6,10,0,W
2023-03-13,Yankees,Twins,8 - 9 ,0,0,0,0,0,0,0,0,0,0,3,1,L
2023-03-13,Twins,Yankees,8 - 7 ,0,0,0,1,0,0,0,0,X,1,4,0,W
2023-03-13,Red Sox,Blue Jays,9 - 4 ,0,3,0,0,0,0,0,0,0,3,3,3,L
2023-03-13,Blue Jays,Red Sox,11 - 6 ,2,0,4,3,3,3,1,0,X,16,18,1,W
2023-03-13,Mets,Marlins,7 - 8 ,0,0,2,0,4,0,1,0,2,9,11,0,W
2023-03-13,Marlins,Mets,3 - 11 ,0,0,0,0,0,3,0,0,0,3,7,0,L
2023-03-13,Guardians,Dodgers,5 - 10 ,1,2,0,0,0,0,0,1,0,4,8,2,L
2023-03-13,Dodgers,Guardians,10 - 4 ,2,0,0,3,3,0,3,0,X,11,13,2,W
2023-03-13,D-backs,Rangers,7 - 10 ,4,0,1,0,2,0,0,4,0,11,13,1,W
2023-03-13,Rangers,D-backs,7 - 11 ,0,1,0,2,0,0,3,2,0,8,11,1,L
2023-03-13,Brewers,Reds,7 - 9 ,2,0,1,1,2,0,1,1,0,8,19,1,W
2023-03-13,Reds,Brewers,8 - 10 ,0,0,0,0,0,0,0,0,0,0,3,1,L
2023-03-13,Athletics,Rockies,7 - 9 ,1,1,0,6,0,0,0,0,0,8,12,1,W
2023-03-13,Rockies,Athletics,6 - 10 ,3,0,0,1,0,0,1,0,2,7,13,0,L
2023-03-13,Mariners,Angels,8 - 7 ,0,1,0,1,0,0,0,0,0,2,8,0,L
2023-03-13,Angels,Mariners,10 - 5 ,0,1,0,1,3,2,1,0,X,8,13,2,W
2023-03-13,Giants,Padres,6 - 11 ,2,0,1,0,3,3,1,1,0,11,12,3,W
2023-03-13,Padres,Giants,8 - 10 ,0,2,0,0,2,1,2,2,0,9,9,0,L
2023-03-14,Nicaragua,Venezuela,0 - 4 ,0,1,0,0,0,0,0,0,0,1,11,0,L
2023-03-14,Venezuela,Nicaragua,3 - 0 ,0,0,0,3,1,0,0,0,X,4,7,0,W
2023-03-14,Canada,Colombia,2 - 1 ,0,0,0,1,0,0,0,1,3,5,10,0,W
2023-03-14,Colombia,Canada,1 - 2 ,0,0,0,0,0,0,0,0,0,0,5,0,L
2023-03-14,Israel,Dominican Rep.,1 - 2 ,0,0,0,0,0,0,0, , ,0,1,1,L
2023-03-14,Dominican Rep.,Israel,2 - 1 ,1,0,2,0,0,4,3, , ,10,15,0,W
2023-03-14,Great Britain,Mexico,1 - 3 ,0,0,0,0,0,1,0,0,0,1,4,1,L
2023-03-14,Mexico,Great Britain,2 - 1 ,0,1,0,0,0,0,1,0,X,2,7,0,W
2023-03-14,Red Sox,Tigers,9 - 5 ,1,0,0,1,0,0,0,0,0,2,6,1,L
2023-03-14,Tigers,Red Sox,11 - 9 ,0,0,0,1,0,0,0,5,X,6,9,0,W
2023-03-14,Orioles,Pirates,8 - 9 ,0,5,0,0,0,0,2,0,0,7,10,0,W
2023-03-14,Pirates,Orioles,4 - 11 ,0,0,4,1,0,0,0,0,1,6,11,0,L
2023-03-14,Cardinals,Astros,9 - 5 ,0,0,2,0,0,1,0,0,0,3,4,0,L
2023-03-14,Astros,Cardinals,7 - 6 ,0,0,0,0,0,3,0,0,0,3,4,1,W
2023-03-14,Pirates,Twins,4 - 11 ,0,0,0,1,0,0,0,1,0,2,7,1,L
2023-03-14,Twins,Pirates,8 - 8 ,0,0,1,1,0,0,0,0,0,2,5,0,W
2023-03-14,Twins,Rays,8 - 8 ,0,2,0,0,0,0,0,0,2,4,5,1,L
2023-03-14,Rays,Twins,9 - 7 ,0,1,0,0,3,0,3,0,X,7,8,0,W
2023-03-14,Braves,Phillies,8 - 7 ,4,0,0,3,7,0,0,1,0,15,15,0,W
2023-03-14,Phillies,Braves,8 - 8 ,2,0,0,0,0,0,0,0,3,5,9,2,L
2023-03-14,Nationals,Mets,7 - 8 ,0,0,0,0,1,0,0,1,3,5,7,0,W
2023-03-14,Mets,Nationals,7 - 9 ,0,0,0,0,0,0,0,0,0,0,4,0,L
2023-03-14,Astros,Marlins,7 - 6 ,0,0,0,0,0,0,0,0,0,0,3,0,L
2023-03-14,Marlins,Astros,4 - 11 ,0,0,0,0,1,0,0,0,X,1,7,0,W
2023-03-14,Angels,Guardians,11 - 5 ,2,0,0,0,0,2,0,0,4,8,10,1,W
2023-03-14,Guardians,Angels,5 - 11 ,1,0,0,0,2,3,0,0,0,6,9,1,L
2023-03-14,Athletics,White Sox,7 - 10 ,2,0,0,0,0,1,0,1,0,4,8,2,L
2023-03-14,White Sox,Athletics,8 - 6 ,0,0,1,0,0,1,2,0,1,5,9,1,W
2023-03-14,Royals,Mariners,14 - 4 ,1,0,1,0,0,0,0,2,2,6,7,1,L
2023-03-14,Mariners,Royals,9 - 7 ,0,2,0,0,2,0,2,2,X,8,11,0,W
2023-03-14,Giants,D-backs,7 - 11 ,0,0,0,6,0,0,0,1,0,7,8,1,W
2023-03-14,D-backs,Giants,7 - 11 ,1,0,0,2,0,0,3,0,0,6,11,0,L
2023-03-14,Blue Jays,Yankees,11 - 7 ,0,0,2,0,1,0,0,0,0,3,9,1,L
2023-03-14,Yankees,Blue Jays,9 - 9 ,6,0,1,0,0,0,0,3,X,10,11,0,W
2023-03-14,Rockies,Cubs,7 - 10 ,0,1,2,0,0,1,0,0,1,5,9,1,W
2023-03-14,Cubs,Rockies,10 - 7 ,0,0,0,0,0,1,0,1,0,2,6,1,L
2023-03-14,Reds,Royals,9 - 10 ,0,1,0,0,0,0,0,0,4,5,8,2,W
2023-03-14,Royals,Reds,14 - 4 ,1,0,0,0,1,0,1,0,0,3,3,0,L
